firstname,gender,age,lastname,address,record_id
Mitchel,male,15,Osinski,"893 Marquardt Haven
North Hilton, CA 82102",10
Bethel,female,19,Beatty,"267 Gleichner Port Suite 417
New Santosfurt, NJ 99272-5252",11
Austin,female,29,McLaughlin,"349 Parisian Streets
Schowalterside, CO 48915-3608",12
Arnold,female,26,Bode,"50912 Krystina Knoll Suite 402
Port Alisha, MN 56983",13
Xavier,female,14,Klein,"9888 Borer Via
West Darianahaven, AR 92584-2276",14
Don,female,14,Heathcote,"611 Casimir Streets
Berthamouth, AS 41263",15
George,male,27,Wisozk,"0744 Bergnaum Neck
Laurelbury, ME 93394-7728",16
Eliezer,male,29,Sawayn,"0529 Reilly Alley Apt. 962
West Bernard, CA 55466-4812",17
Cletus,male,24,Weber,"42548 Runte Roads
Mertzmouth, AA 06063-7509",18
Zella,male,30,Tromp,"109 Samara Corners
Ceceliaview, IL 16241-0950",19
Enrico,male,29,Strosin,"70403 Wintheiser Mission Suite 142
North Rashawn, AL 96474-5533",20
Kirstin,male,29,Leffler,"41678 Elna Lane Apt. 310
East Dionchester, WY 25992",21
Daniela,female,21,McCullough,"90717 Rau Point
Lake Jerryshire, AR 76381",22
Breanna,male,21,Nikolaus,"6095 Heller Tunnel
Smithamchester, WY 57838-3647",23
Eleanore,female,19,Kautzer,"0699 Wehner Stream Suite 077
Lake Woodrow, SC 28470",24
Alize,female,18,Kshlerin,"90748 Langosh Knoll Suite 030
North Sheachester, NJ 89423-7187",25
Jesus,female,15,Mann,"580 Champlin Field
Lake Jovany, IN 44801",26
Georgette,female,16,Donnelly,"210 Lesch Underpass Suite 537
Buckridgebury, AS 22662",27
Jeremy,female,20,Nader,"74879 Terry Pass Suite 507
South Albinaland, IN 57491-6104",28
Gaylord,male,30,Shields,"567 Morris Extensions Apt. 980
Hellerberg, AL 87221",29
Leopoldo,male,12,Rath,"7415 Martin Green Apt. 049
Fayeport, TN 31455",30
Genoveva,female,30,Dooley,"71753 Alycia Centers
Auerstad, PR 81765-6060",31
Wilhelmine,male,12,Hansen,"46214 Lorna Knoll
South Isomtown, KS 01478-2905",32
Stephon,male,22,Miller,"157 Roob Crescent
Jonesstad, AL 35440-6950",33
Garland,female,18,Shanahan,"1881 Myra Meadow
West Bernita, HI 97125-3060",34
Ettie,male,13,Beatty,"5202 Boyer Springs
West Floy, ND 33875-1069",35
Itzel,male,12,Orn,"709 Tevin Island
Langoshbury, GU 18857",36
Mylene,male,11,Swift,"336 Hertha Court
South Alexanne, AS 45496-5382",37
Alice,female,30,Halvorson,"27698 Lind Junction Apt. 721
East Domenicstad, NV 97179-0982",38
Kayli,female,18,Larkin,"201 Lucius Trace Suite 612
Dorothyview, IA 75216",39
Ellen,female,25,Oberbrunner,"28398 O'Conner Roads Suite 364
Abshireville, NM 71595-4197",40
Leonora,male,26,Klocko,"53664 Sherwood Cliff
Jenniefurt, ME 07957",41
Guadalupe,female,22,Braun,"60221 Dibbert Burg Suite 129
North Gregoria, AE 18564",42
Hailee,male,12,Jewess,"205 Tremayne Trail
Gailmouth, DE 61566-1750",43
Hettie,male,11,Feil,"8146 Hettie Radial
North Brandonfurt, PR 20060-5131",44
Elvie,female,23,Krajcik,"8876 Runolfsson Branch Apt. 507
DuBuqueville, MN 26540-3283",45
Nick,female,13,Leannon,"009 Flatley Stream
Baileemouth, MS 19163-7742",46
Lucile,female,10,Hahn,"334 Stokes Skyway
Lake Joanychester, NC 22367-9661",47
Hilma,male,21,Kassulke,"79457 Stracke Gateway
Auerberg, VT 19489",48
Amie,female,22,Mayert,"1428 Lauretta Mission
Bulahburgh, NJ 27189-0129",49
Kennedy,female,27,Emard,"51838 Elroy Corner Apt. 122
Myraton, SC 01086-2469",50
Estevan,male,12,Kunze,"78580 Raynor Glens
Alexzanderberg, ID 66600",51
Felipe,male,25,Conn,"68543 Muller Loop
North Fredrick, PA 50188-9813",52
Lavada,female,12,Abernathy,"9418 Gutmann Groves
Buckridgeport, OR 44713",53
Thad,male,28,Medhurst,"939 Brandon Dale
South George, AA 63630",54
Winifred,male,17,Wintheiser,"884 Francisco Mountains
Haagstad, KS 90663",55
Alfonzo,female,20,Conn,"1255 Leannon Groves Suite 405
West Juddland, AS 80401-5915",56
Erica,female,17,Schuppe,"4286 Considine Flats Suite 795
Hayeschester, PW 47114",57
Scotty,female,11,Dietrich,"307 Kelton Pine
West Salvatoreside, ID 10278",58
Hazle,male,15,Kuhn,"282 Dickinson Trafficway Apt. 831
West Johann, GU 17514-1223",59
Mafalda,male,25,Kovacek,"9591 Brett View Suite 484
North Harmon, UT 92948",60
Quinn,female,27,Feest,"404 Lynch Plaza
Lake Cullenland, CA 28632-6923",61
Kaelyn,female,19,Pfeffer,"9694 Klein Common Suite 719
Balistreriside, ME 45201-0440",62
Leon,female,28,Torphy,"1426 Nicolas Squares Suite 192
Reneefurt, MS 79526",63
Annabelle,male,15,Eichmann,"19580 Tressa Rapids Apt. 589
New Rhodamouth, FM 39647",64
Misty,female,14,Runte,"44606 Clifford Passage
Lake Elianville, FM 09912",65
Dawson,male,18,Gaylord,"800 Wuckert Hollow
Gracieview, IA 69775-4963",66
Dillon,male,18,Lesch,"2141 Ella Points Suite 060
Port Annaberg, NJ 68774",67
Antwon,male,17,Parker,"0199 Zieme Trafficway Suite 334
Piperport, NH 36712-3062",68
Yesenia,female,14,Pfannerstill,"84572 Bosco Crescent Apt. 859
West Tarynberg, AK 40141",69
Treva,male,13,Kub,"4976 Conroy Mall Apt. 208
South Matteo, LA 95033",70
Gustave,male,10,Franecki,"402 Laurie Via
Kreigerburgh, UT 93357-2852",71
Alexandrea,male,13,Pouros,"6004 Dicki Brooks
New Angel, AP 01757-4853",72
Dino,male,19,Johns,"827 Savanna Road
West Kurtmouth, LA 86270-5269",73
Randy,female,25,King,"8174 Cora Rest Apt. 292
Dinoshire, CA 67847",74
Reanna,female,29,Breitenberg,"4489 Leuschke Haven Apt. 932
Lake Nyaside, DC 01762-7824",75
Twila,female,16,Zboncak,"91990 Brendan Prairie
Charlottemouth, NY 69818-5039",76
Cydney,male,18,Beatty,"9605 Gerlach Spring
Wilkinsonside, DE 99333-6509",77
Ahmad,male,22,Medhurst,"1789 Haskell Road
Lake Ernestobury, KY 38668-8304",78
Jayden,female,23,Schiller,"643 Hegmann Walks
New Ivah, ME 55726",79
Katrine,male,20,Dickinson,"6417 Heath Forest
Gusikowskimouth, SC 60648-5116",80
Isadore,male,26,Waelchi,"473 Kuhic Ridge Apt. 009
New Rosario, AK 52609-8893",81
Lexi,male,18,Bernier,"64396 Ledner Estates Apt. 883
Sporerville, VI 42797",82
Vladimir,male,22,Pfannerstill,"73730 Meggie Turnpike
Harveyfurt, DE 25004",83
Kelsi,male,15,Lemke,"3523 Daphne Valley
Elissashire, NM 58574",84
Chad,female,30,Dach,"39310 Keshawn Corners Suite 147
Rhettchester, NH 91524",85
Amie,female,28,Watsica,"393 Bogan Shore
Adrienfort, KS 01265",86
Coby,male,26,Marquardt,"091 Marcelle Green Suite 652
Port Lolafort, WV 45210-1205",87
Susie,female,15,Buckridge,"365 Morissette Shore
Pagactown, ME 21521",88
Wilhelmine,female,16,Schultz,"35066 Coralie Mall
Tremblayfort, VA 91105-1890",89
Shemar,female,30,Hudson,"712 Pouros Summit
Carrollberg, MI 95913-0209",90
Jessyca,female,22,Lehner,"726 Rempel Burg
East Carolynefurt, PA 55985",91
Lizeth,male,19,Hackett,"268 Mustafa Squares
South Elouiseberg, NE 83320",92
Werner,female,10,Padberg,"452 Tod Spring Suite 111
West Jakayla, TX 80109",93
Emely,female,13,Hackett,"402 Gusikowski Land
Delfinamouth, NC 65767",94
Dedric,male,10,Okuneva,"1710 Ulises Pass Suite 822
Louveniastad, KY 15430",95
Josefina,male,20,Kohler,"648 Hauck Common
Elmirashire, WV 76082",96
Rhett,female,24,Shanahan,"605 Amparo Lights Apt. 906
Port Elbertmouth, TX 21582",97
Brent,male,22,Littel,"56552 Boehm Square Apt. 422
New Mckenzieville, LA 19619-9271",98
Cristina,female,29,Davis,"9055 Kihn Forges
Larsonberg, WV 27237",99
Katheryn,female,20,Beahan,"4888 Eddie Brooks
North Garlandville, FL 67383-1695",100
Tatyana,female,27,Reichert,"2747 Abernathy Mall
Lake Dixieshire, GU 09323-6659",101
Reginald,male,20,Johnson,"1062 Schneider Road Suite 355
Port Avery, PR 34680",102
Keshaun,female,30,Doyle,"9879 Bradtke Route Suite 889
Dietrichchester, FL 86064-5370",103
Kaleigh,female,15,Skiles,"7481 Beer Park
Collinsfurt, NM 27907",104
Alana,male,26,Kshlerin,"894 Hermiston Extensions Apt. 365
Lake Aric, DE 71460-1102",105
Fidel,female,12,Bernier,"4444 Jaida Turnpike Suite 217
West Alejandrabury, NH 80738",106
Filiberto,female,12,Bernier,"9126 Brody Fall
Fabianville, NY 97672",107
Leda,female,12,Schuppe,"5020 Herman Viaduct
South Rashad, IA 92733-5121",108
